Strandcon AB,1
RIBE Gardin AB,1
Funktionell Musik & Media Försäljnings AB,6
Dafo Vehicle AB,1
Organics by Sara Skincare AB,1
Aktiebolaget Exquiro Market Research,1
Investmab Aktiebolag,3
bjexa AB,2
EAC Investment Group AB,2
EAC Stockholm AB,1
Cetser Transport Aktiebolag,5
Sylva Skog AB,5
Beijer Tech AB,1
Stockholms Tvättentreprenör Handelsbolag,2
AQ System Stockholm Aktiebolag,4
Aktiebolaget Notholmen i Tyresö,1
Mikab VVS-konsult AB,1
Scandinavian Aerospace & Industry Aktiebolag,4
FF Ventilation AB,6
HANVIKENS SPORTKLUBB,1
Solna Asfalt Aktiebolag,7
Tyresö Grund & Mark AB,5
Ekonomikoncept AB,1
Fontana Food Aktiebolag,2
Norrman taxi AB,1
AB Petaligus,1
Joakim Orr El & Fastighetsservice AB,3
SÖDERS SKID- OCH ORIENTERINGSLAG - TYRESÖ,1
Parmazoo AB,2
Nacka & Tyresö Sotningsdistrikt AB,9
Skrubba Fastighets AB,2
Aktiebolaget Kontaktpressning,2
Måleri- och golvservice i Tyresö AB,1
Tykoflex AB,8
Tyresö Finmekaniska Aktiebolag,2
Swedol AB,2
Simbi Aktiebolag,1
Wild Card AB,2
Bratt Trading AB,3
Metag Total AB,3
Angantyr Holding AB,2
Tyresö Fastighetsteknik AB,1
Ventilation & Lackboxteknik i Tyresö AB,3
Metag Aktiebolag,2
Dacenica Konsult AB,1
Fordonsmäklare Västra Götaland AB,1
AB Stenbergs Bärgning,3
NBW Advokatbyrå Per Aspendal AB,1
AB H. Brantheim,8
Dafo Brand Aktiebolag,1
Solfeldts Måleri Aktiebolag,1
Thilia Bygg Aktiebolag,1
Mr.Z Software AB,1
Garpenlövs Bygg & Fastighetsservice AB,1
Garpenlövs Förvaltning AB,1
Atik Service Group AB,5
Tyresö Passage & El AB,1
Tyresö Bostäder Aktiebolag,2
ARCPRO AB,5
Dianthus Omsorg AB,6
Jolo Mossen AB,1
L.P.K Tyresö AB,2
Hammersta Fastigheter AB,1
Nybohov Ställning AB,5
LW Sverige AB,4
LT Tech Design AB,2
Pow IT AB,2
EFS Entré & Fastighetsservice AB,1
Mellin Collste AB,2
Prosäkerhet Stockholm AB,2
Målarna i Rotvik AB,1
Karnström Assistans AB,1
SVENSKA FERGUSONKLUBBEN GRÅLLE/STHLM SEK/,3
Jimmy Diesel AB,3
Haninge färg o Måleri AB,1
ÅVA CAMPING OCH ORIENTERINGS/ FÖRENING,1
Proffs P&S AB,1
Tamayo Städ AB,2
Accepro AB,1
Byggnads AB Hans-Erik Ek,3
EL-uppdraget Stockholm AB,1
Holmströms Bygg & Betong AB,3
VIGG Flygsystem AB,1
Tolkfyren AB,1
Strategenta Management AB,1
Tyresö Trädfällning Aktiebolag,3
Tyresö Trädgårdtjänst Allservice AB,2
Prim CC AB,2
TeamCoach Sweden AB,1
Mister Plumber Sverige aktiebolag,1
Sparren Security AB,1
R.L.O Mark & Va Konsult AB,1
Tyresö Markservice AB,2
Lidatorp Transport AB,3
Frölins Bygg AB,1
Roka IT Consulting AB,1
Stockholm Byggideal AB,1
Viadukta AB,1
Mr Folkes Fastigheter AB,1
White Rice AB,2
Lomell Property Solutions AB,1
PSG AB,2
Andiamo Consulting AB,1
Xilef Installation AB,1
Bara jag AB,1
Mick elservice AB,3
Tyresö Badrum AB,1
Grander Media AB,1
Jsndvll Productions AB,1
ANLÄGGNINGSSAMFÄLLIGHETEN KRUSBODA,4
CIRKUSPIRATEN AB,2
Aktiebolaget Åstrand Filmproduktion,1
MP Byggprojekt AB,3
RC Indisk Restaurang AB,1
Nordströms Kraft AB,3
Passform AB,2
3 A Byggdelen Förvaltning AB,1
STKHLM VICTUALS Aktiebolag,1
SANSERVICE Handelsbolag,1
Kembel Tak och Fasad plåtslageri AB,3
Energiteknik Reine Sjölund Aktiebolag,1
RVB Plattsättning AB,1
BOFLO SERVICE AB,1
Entreprenadkompaniet Sverige AB,1
J byggpartner AB,1
Neat Minds AB,1
LW Marin & Maskin AB,2
Anvill Consulting AB,1
Söderorts Golv & Entreprenad AB,4
Sveriges Roligaste AB,1
MADIT Consulting AB,1
Medical Innovation Design MID AB,1
ROMAND i Sthlm Bygg & Entreprenad AB,1
Epicro AB,2
JG Event AB,3
Life4Garden AB,1
Selehovs Fönster & Tak AB,2
Bergfotens Målarservice Aktiebolag,1
Lightmakers Sverige AB,2
Qvadrant Medieutveckling AB,1
Johan Thurnell Rörservice AB,1
Johan Öhrn AB,1
T3 Solutions AB,1
Nemingo Aktiebolag,1
KrLas Konsult AB,1
Tyresö Bygg & Montage Aktiebolag,2
Protect Safety Sweden AB,1
LM & Partners AB,1
Kanalbävern 4 AB,1
Dåntorp Konsult & Förvaltning AB,1
Olle Tunell Consult Aktiebolag,1
Restaurang Tyresö Bistro AB,1
RosBet Byggnad AB,2
Aktiebolaget Täby Murning & Bygg,2
FS Servicemind AB,3
Viktoria Sammland AB,1
Community Sverige AB,3
Veron Byggtjänster AB,2
AB Tyngre transport Stockholm,3
MIWI MASSAGE & HÄLSA AB,1
Chrilles Pizzeria AB,3
Krons Byggledning AB,1
Sönmez Vård Tyresö AB,1
Svenska Golv & Våtrum AB,1
Arellano Diskservice AB,1
TYRESÖ SOCIALDEMOKRATISKA ARBETAREKOMMUN,1
Karla Renoverar AB,1
Bumling Demontering-Montering AB,1
Acontra AB,1
Tvätthuset Aktiebolag,1
Tyresö Folkets Vårdcentral AB,3
G.G. Entreprenad AB,1
Mälardalens Kvalitetssäkring AB,1
STHLM Frisörgruppen AB,1
DEMIRUN AB,2
Dance Factory Sweden AB,2
Alex Vet AB,1
Ellmi AB,6
Vidja Transport AB,3
Toftbyns Rör AB,2
Globen Plattsättning AB,5
Byggvir A-Konsult AB,1
FemiFix AB,2
CBR Holding Aktiebolag,1
Bollmora Entreprenad AB,9
Bollmora Maskin AB,1
MR Kakel i Tyresö AB,2
Torbjörn Hansson Konsult AB,1
Tyresö Larmteknik AB,3
Bramsruby AB,1
Xri Med AB,1
Select i Stockholm AB,5
MonCér Aktiebolag,1
Max Dewoon AB,1
RVS Rörservice AB,1
Alfwar Data AB,1
Rodret Redovisning AB,1
Ode Miljö AB,1
Auxilium konsult AB,1
Wipa Consulting AB,2
Tyresö Ekonomiservice Aktiebolag,2
Holländare Bygg och Ventilation i Tyresö Aktiebolag,2
Eko T Konsult AB,1
Kati Städ Aktiebolag,3
SKAPRO - Kontroll & Projektledning AB,1
Kajo Elteknik Aktiebolag,6
Fanek Service & Consulting AB,1
TYRESÖ FÖRSAMLING,1
Bönorna i Handen ekonomisk förening,1
Bileliten i Tyresö AB,1
Energi och Klimatoptimering i Stockholm AB,1
Restless Industries AB,1
LINDGRENS ELBYRÅ AB,9
AKIR TRANSPORT AB,1
AGV Golv AB,1
petterssonsBOlag Kommanditbolag,1
Ixan Restaurang AB,1
Alice Cab AB,1
PY Bygg & Kakel AB,3
Najarson Servering AB,1
Pimar AB,1
Vikingahus AB,1
Atalays Transport AB,1
LHIJ AB,1
Oas Mark och Trädgård AB,1
M&K Solskydd AB,2
City Taxi 2025 AB,1
Yalla Ahsan AB,3
VS Miljö Gruppen AB,4
Mäklarmäster Hornsgatan AB,1
WP Sweden Holding AB,2
Wiking Bygg & Anläggning AB,3
Serviks company Handelsbolag,5
Omnicura by Jasmin AB,1
Markabygg AB,5
Dr Sten AB,1
Koliber AB,1
ÄLTA OMBYGGNADS Aktiebolag,1
VB Group Sweden AB,1
Micke Bergström Måleriservice AB,6
Sjöstaden Fastighetsförvaltning AB,1
FIM Kraft AB,1
Aktiebolaget Spirus,3
Thomas Smart Solutions AB,2
Wentech Allservice AB,1
Eko i Hägersten AB,1
Top Choice Tara AB,4
Belindas Omsorg AB,1
PP GOLVSERVICE AB,1
Piri Piri Hundcenter AB,1
Future 25 Laser AB,1
Backs Snickeri AB,1
Projektansvar i Stockholm AB,2
Armställ AB,3
The Ranch AB,2
JO.H.A Kommanditbolag,1
Stilus Måleri AB,1
Roslagens transportutbildningar AB,1
El & Ljusteknik by AF Stockholm AB,1
ST TEKNIK HANDELSBOLAG,1
Moroni Family Holding AB,1
Bergenwall Tennis AB,2
Adparo AB,1
J S Street Food AB,2
NORDIC SYSTEM KNOWLEDGE CONSULTING AB,1
Lundèn Consulting AB,1
Wiking Consulting & Service AB,1
Nära&Kära Hemstäd Sverige AB,2
Trädfällarlaget Östra Sthlm AB,1
Tegeströmska Konstgjuteriet AB,1
Labore AB,1
Equipo AB,1
Transportpunkten AB,1
UB73 Bygg AB,1
Adding Insight AB,1
EL Larssons AB,7
Arta Plast Aktiebolag,1
Arta Plast Invest Aktiebolag,1
Artapac Aktiebolag,2
Hisselektronik Sweden AB,6
Thor Parts AB,1
Ingenjörsfirman Helfer AB,2
Delegation Cooperation AB,6
Matkomfort Stockholm AB,2
Kwalinvest AB,1
Kwalitel AB,2
Mr Helper AB,5
Rotab Rostfria Transportörer Aktiebolag,4
Eric Bolins Glasmästeri AB,8
Ersoy Kebab AB,3
Wetact Produkter AB,3
KVALITET V.E.R.K. AB,2
Irmér Media AB,3
TDS Direktservice AB,1
Söders Vvs & Drift AB,1
NJC Söderbyggen AB,1
Proplatt Stockholm AB,1
Rådeström Sundberg Elteknik AB,5
Klocktornet i Stockholm Aktiebolag,1
Liselotte Lööf Aktiebolag,1
LL Miljö AB,9
Medicolle AB,3
NBM Hydraulic Aktiebolag,5
DQ Ventilation AB,1
Team Guardab i Sverige AB,1
LeLe Bygg & Ventilation AB,7
Baju Motor AB,3
KOBIA Aktiebolag,2
Zällsel Tele AB,1
Zälls Network AB,7
VS Produkter i Tyresö AB,3
Elektrokonsulten i Stockholm AB,2
C Essén Aktiebolag,5
Cicero Tryck & Media AB,1
Ene Plattsättning AB,2
ENE 1 AB,1
Restaurang Lilla Italien Handelsbolag,1
Aktiebolag Kartverkstan,1
4M Meletis Imports AB,2
ALPTOPPENS SAMFÄLLIGHETSFÖRENING,1
BWB ELKONSULT Aktiebolag,1
Xtbygg AB,3
Öringe Rör Aktiebolag,3
Karpena IT AB,1
Alec's Golf Aktiebolag,2
Ps Byggprojekt AB,3
RJ Tank & Svets AB,3
Digification AB,1
Johan Ullenius Sociala Tjänster AB,1
Future Enterprices i Stockholm AB,1
CKO Bygg AB,2
Aktiebolaget Spiralspecialisten,3
J S Produktion AB,1
Klinggruppen AB,1
Lindum Clairs Sverige AB,2
TYRESÖ TAEKWON-DO ACADEMY IF,1
CEMotor Kommanditbolag,2
Pralinhuset Chokladtillverkning i Stockholm AB,1
VGP Trädgård AB,7
Forming Function Stockholm AB,5
Ehrenboms Kakel & Bygg AB,2
Päma el och styr AB,2
TYRESÖ RYTTARFÖRENING,5
Stålhammaren VVS AB,7
BYFAKO Bygg & Fasadkonsult AB,2
OMS Sweden AB,1
Intricate AB,1
Aulin Consulting AB,2
R Sundberg Bygg & Badrum AB,3
Puts & Kakel Stockholm AB,3
WK Taxi AB,1
Elvin & Lyckner AB,1
RL Fornudden AB,3
Beyond Creation AB,1
MRA Projektledning AB,1
Buzz me up Services AB,1
Utvecklingsfolket Sverige AB,1
Projekt 1 AB,1
MY Gruppen AB,1
Bygg o Mätmetoder i Hanviken AB,3
P&I Consulting AB,1
Spirit of Stockholm AB,1
Monaco Consulting Group AB,1
Tyresö Maskin & Trädgårdstjänst AB,1
Hasams AB,1
Tyresö Låsservice Aktiebolag,3
Nya Camillas Blommor AB,1
Rönnehälls Bygg & Inredning AB,3
Rubin Rör AB,3
Licke Bygg Aktiebolag,2
Mobilitas Sweden AB,1
Bröd & tomatis AB,3
Göstas Humor AB,1
Ljungman Bil AB,2
Virtual Consultants Sverige AB,1
Dustydots Homestyling & Inredning AB,1
Mikael Borgström Consulting AB,1
Olivia Borgström Consulting AB,1
Adentia Aktiebolag,1
Green Consulting AB,1
HMP Entreprenad Aktiebolag,5
Hörstedt's Måleri AB,1
Elektromontering Magnus Fredriksson AB,1
Trollbäckens Rörteknik AB,2
Teldab Aktiebolag,1
BYAK Ulf Jansson AB,3
Ronny Hartzell TB AB,1
Bookmark Förlag AB,1
AB Stockholms Elrevision och Elbesiktning,3
MotoSprint SN AB,1
Walthi AB,1
A&B Molin Consulting AB,1
Mikael Ekman Vendelsö AB,6
ERMA AB,1
Ulrika Gustafsson Fastighetskonsult AB,1
MCGruppen Norden AB,2
Advokatfirman Natalie Kojadinovic AB,1
Refina Information Aktiebolag,1
ITProcess CLD AB,1
N.TEKNIK OCH FASTIGHETSSERVICE AB,2
RIH MÅLERI AB,8
Moment 22 AB,2
EVP Consulting AB,1
71 72 Bygg Aktiebolag,1
NAKED BIKES OF SWEDEN,1
AMECO Konsult AB,1
Bods AB,6
Erik Johanssons Service AB,3
Bostadsrättsföreningen Gudöterrassen,1
Ramberg Consulting i Stockholm AB,1
GrowthMaker Sweden AB,2
Wallin Invest & Management AB,1
Trollbäckens Ventilation AB,3
RappSoft AB,1
STHLM ROOMS AB,1
EastMed Consulting AB,1
MicroPoint Electronic AB,1
Lemmel Ventures AB,1
Yellowtail Invest AB,7
Life is sweet AB,1
Torparens Konfektyr AB,1
Stockholm Golvdesign Handelsbolag,1
Fogelmark Konsult AB,1
J.E.L Design Snickeri & Inredning AB,2
MBM Bygg och Konsult AB,2
Kai Tuunainen Entreprenad AB,1
Ola Linderhjelms Elhjälp AB,1
Rickard åkare lyft och transport AB,1
Nytrend Opinionsundersökningar i Sverige AB,1
Allminds AB,1
Actinvest AB,2
Solgården Möbler & Inredning AB,1
Brunzell & Co AB,1
GMK Klimatteknik AB,1
Jens Arnesson Socionomkonsult AB,1
RVIA BYGG-RENT AB,6
Sandbergs Tank & Pumpservice AB,2
TML Projektledning i Stockholm AB,2
Trollbäckens plåt AB,2
Bröderna Danielssons Bygg AB,2
BescoCare AB,2
A Hillerback AB,3
Aerotronic Training Center AB,3
Skandinaviskt Coaching Center Aktiebolag,4
Ditzinger Engros Aktiebolag,1
Linda Bengtzing AB,1
Byggnadsverket i Stockholm Aktiebolag,1
Esspe Agenturer Aktiebolag,2
MiSi Inredning & Bemanning AB,1
Property Needs Stockholm AB,1
Dagas drömfabrik AB,1
Eplet AB,1
D4i Group International AB,2
Marinexpo i Sverige AB,5
Altyr Aktiebolag,2
Rednil Aktiebolag,2
Classes Budtjänst AB,5
e-Centret 2P & Co. AB,1
HS Spol & Filmteknik AB,2
Naturaleza AB,3
Säkerhetsintegrering i Tyresö AB,1
Konsult Nils Sjögren Aktiebolag,1
Rörexperten Sverige AB,1
Find it Production AB,3
Filsdeper GRC AB,1
Ströms projektledning AB,1
IOP Consult AB,1
Free In Motion Mobility AB,2
Finance4Hire Stockholm AB,1
LNY konsult AB,1
Cybarites AB,1
Anstalten för redaktionell kommunikation i Sverige Aktiebolag,2
JS Projekt AB,3
Två Tullar Konstruktion & Förvaltning AB,2
Saga Projekt AB,1
Uncork IT AB,1
Norling Mark AB,4
Tyresö Teknik Aktiebolag,2
Westman-Thieme Rör Aktiebolag,4
Tyresö Bilverkstad Aktiebolag,1
Wise Redovisning Stockholm AB,1
Haglind Produktion AB,1
Emalok AB,3
Network Synergies Sweden AB,1
Kalkylia AB,1
RT VVS AB,8
Rotviks gård AB,4
Rotviks Djur & Naturverksamhet AB,1
Målarna i STHLM AB,1
Southern Cross Contractor AB,3
LDF Ektorp AB,2
Kropp i obalans Stockholm AB,1
RCR Byggteam AB,3
Tiltiana Holdings AB,3
Sommarlidens Måleri AB,3
CTC Media AB,1
Byggimperium Sverige AB,7
Breakout Marketing Dept AB,1
SCM Business Partner AB,1
Sjöstaden projekt AB,2
L-Å Falks Bygg Aktiebolag,2
Incusat AB,2
Aktiebolaget Nytorgstryckeriet,1
Camsami AB,1
Fornudden Event AB,1
Tyresö Byggkonsult AB,3
Proprium Konsult AB,1
MRM Sverige AB,1
GLHF Enterprise AB,1
Snapfys AB,1
Stenhårt Mark & Bygg AB,9
Alterius Engineering AB,2
Lorenz Redovisning AB,1
Altius Solutions AB,1
Fläkt & Reglerteknik i Stockholm AB,1
iCool AB,1
DT Finance AB,1
Walger Byggkonsult AB,1
Furukronas bygg och snickeri AB,1
Digitech Group Sweden AB,1
WX Konsult AB,1
DameTech AB,1
Oskar Maller AB,1
Treat Consulting Sverige AB,1
Rehnglas AB,2
Halldén Mark AB,3
JSN Automation AB,1
Grooverock AB,3
Tor Swartling Consulting AB,1
GME Gramic Development Handelsbolag,6
RMC Sweden AB,6
BE Effektiv Ekonomi AB,1
Malin & Co AB,1
Kennevalls Byggservice AB,1
Kanx Musikproduktion Aktiebolag,3
Entwicklr AB,1
Olle Beckers Entreprenad AB,3
JITAB Entreprenad AB,4
Solcenter Förvaltning CM AB,1
LOKALBYRÅN I SVERIGE AB,2
Enzo Media AB,1
Carina J Hud & Massagehörna Handelsbolag,1
Verktygsakuten i Stockholm AB,4
VANICEK SVENSKA Aktiebolag,1
Clarity Solutions AB,1
Golvrenoveringar Anders Jansson AB,2
Johan Sjölander Gourmet Service Aktiebolag,2
Aurora trädvård AB,2
Aktiebolaget Smålandsvirke,1
Björn Dahlström Projekt AB,1
Nufort Infra och Säkerhet AB,1
Bygg & Bad i Raksta Kommanditbolag,1
ALEA Ventilation AB,1
Incuro AB,1
Smart larmteknik stockholm AB,1
Tyresö betong och bygg AB,6
Larsson Motorsport AB,1
Södra Storstockholms Berg & Mark AB,1
Södra Berget Service AB,3
TJUGOTVÅFEMTIOETT AB,3
Alinnes Blomstermagi AB,1
U Secure IT AB,1
Wall & Westford Aktiebolag,1
Joceer AB,1
Besiktningsakuten Sverige AB,5
Tyresö Markteknik AB,1
El Doktorn LJ Aktiebolag,7
Ryderberg & Partners AB,2
Pakman AB,2
DuoCo AB,3
BIB Construction AB,3
Elaccept AB,1
Marti 5 AB,1
MGS El och Fastighetsunderhåll AB,2
Rena Linjer Gruppen AB,6
TN Group Sweden AB,1
Tyresö-Brevik Mark & Bygg AB,3
Tian Di Scandinavian Trading AB,1
Cutie Care Academy AB,1
PEMAK AB,1
Skrovet AB,1
Nytorps El Aktiebolag,3
D.E VVS service AB,2
Dag Karlsson Konsult och Entreprenad AB,5
GoRedpoint AB,1
Bergströms Betonghåltagning AB,2
Tyresö Åkeri AB,2
Alvalex Solutions AB,1
Debbie Fastighetsförmedling AB,1
Bygg Daddy Handelsbolag,1
Breviks Entreprenad AB,9
Tommy Palmberg Fastighets Aktiebolag,1
SMS Stockholms Mark Service AB,1
Geidenstam Trafikskola AB,2
Nordiska Drömhus AB,1
Paddbacken AB,2
Hans Sydenhag Aktiebolag,4
Rental Properties Tyresö AB,3
Mighty Group AB,1
Kling Media AB,1
Territorium AB,1
TYRESÖ FISKEVÅRDSFÖRENING,1
ETTA MARINE AB,1
Storstan Gruppen AB,1
ServiceHjelm AB,1
Konsult Manns AB,1
Xover IT AB,1
Trinntorps Allservice AB,1
Zoli Transport AB,7
BRD Rör AB,1
Korrekt entreprenad stockholm AB,3
DSH UTVECKLING AB,1
Conliber AB,1
Wendelius Passersystem AB,1
Larssons Markkonsult AB,2
Norlin Visualization AB,3
Målarna i Tyresö AB,1
QPS Elektro AB,1
Fredrik Bergström Consulting AB,1
Forza Plåtslageri AB,1
Lithenskys AB,1
Microdesign Tyresö AB,2
Visuel Group AB,4
Lars Mikael Johansson Bygg AB,4
LKB MARKENTREPRENADER AB,1
R&CO Bygg AB,1
KMA AB,1
VVS 135 AB,1
Moment Bygg & Anläggning AB,3
Aschans Kontor & Reklam Aktiebolag,1
Bostadsrättsföreningen Peppargränd 1 i Tyresö,1
Bontoj AB,1
Peace & Love AB,1
Ekoark Arkitekter AB,1
Robin och Anders Ventilation AB,2
Förlags Aktiebolaget Bygg & Teknik,1
A Mechanics Tyresö AB,4
Tyresö Bil & Kaross AB,7
Tyresö Bil & Diagnos AB,6
Pizzeria Akcay Güven Handelsbolag,3
Zhe Liao AB,1
Möbelsnickarna STHLM AB,5
TCM Online Retail AB,2
Restaurang Toscanini AB,3
KörkortsAkuten AB,1
Loop Control System Sweden Aktiebolag,1
Leetvio AB,1
LRG Konsult AB,1
Hiko AB,1
Tyresö Blommor och Inredning AB,2
Bulduk och Yasar Handelsbolag,2
Takhem i Sverige AB,6
Dörrsnabben i Stockholm AB,9
Metall & Glas Rådgivning i Stockholm AB,1
Anders Swärd Design AB,1
Tyresö Trafikskola Aktiebolag,1
Dezeta Reklam Handelsbolag,7
Bollmora El-Tjänst Aktiebolag,4
Acandia AB,3
Ambactus Redovisning AB,1
Godissvampen AB,1
JX Distribution AB,1
BASUNDHARA Handelsbolag,1
Alltreko Tak & Bygg AB,1
Alltreko Bygg AB,1
Rörresultat AB,1
Elengagemang i Stockholm AB,7
Klätterteknik Stockholm AB,1
Ubblix Plattsättning Aktiebolag,5
Deductio AB,1
Breviks Måleri AB,5
FG Sweden AB,4
AF Installation AB,8
Jigemark & Bygg AB,1
AF Rörservice AB,8
Process & Design Sthlm AB,1
Swea Autoservice AB,3
3 A Byggdelen Aktiebolag,1
ELLOOP AB,1
GST Tak AB,2
Coco Transistor AB,3
Novastra Entreprenad AB,4
Lindenbaum Agenturer AB,5
RL Tak Sverige AB,2
Lindbergs Entreprenad & Konsult AB,4
Rival bygg rivning demontering AB,4
Bollmora Mark & Bygg AB,8
Goutera Food AB,1
LTG Display Aktiebolag,1
P&T ENTREPRENAD I STOCKHOLM AB,1
Lagerspecialisten i Sverige AB,2
Stockholms Golvutjämning & Förvaltning Aktiebolag,7
Kaffe Partner i Sverige AB,1
Tomas Eriksson Fastigheter AB,1
Handelsbröderna i Tyresö AB,1
TYRESÖ KONDITORI & CAFÉ AB,2
ProCoA AB,1
Insense AB,1
Malmqvist Sjö- & Allservice AB,6
G-B Malmqvist Båtvarv AB,2
K Rejnus AB,1
PK Måleri AB,1
MoonBikes Scandinavia AB,1
Ackordere AB,1
Mattias & Co Bygg AB,3
Rikard Vestberg Elektriska AB,2
S. Fröberg Allt i Bygg AB,2
We Do Sports Europe AB,2
ByggPower i Stockholm AB,2
FMA Automation Aktiebolag,4
3XC Bygg & Stall AB,1
Stefan Stjernfeldt Consulting AB,1
Chickylicious AB,1
Anti-Corr Industri Ytbehandling i Sverige AB,6
AMK Asfalt & Mark Konsulterna Kommanditbolag,1
Wintas Livs AB,1
Fantastiska Nöjen vid Globen AB,1
Karlssons Byggservice i Skåne AB,1
Astal Bygg & Handel AB,3
EWI Styling AB,1
PLÅT & BYGG I ORMINGE AB,4
Istra Bygg AB,4
Rimella ekonomi AB,1
Bidii Entreprenad AB,3
Svenskmiljöservice AB,1
BFB städ bygg AB,1
DP Project Consulting AB,1
Snöfritt i Tyresö AB,1
Lindalens bygg & snickerier AB,2
Liss Allservice AB,2
NORDAL BYGG AB,3
MK Invest AB,3
Conseils Stockholm AB,1
Webston AB,1
Lindalens Entreprenad & Transport AB,2
Niklassons Gräv & Trädgårdsanläggningar Aktiebolag,3
Mark & Byggkvalité i Stockholm AB,1
Aktiebolaget Sörmans Mekaniska Verkstad,1
Exact Fastighetssmide & Bygg AB,2
Car marketing Stockholm AB,9
Nuclea AB,1
N&R Allekonomi & Redovisning AB,1
N&R Holding Invest AB,1
Joakim Ekströms Allservice AB,2
Elektronik Aktiebolaget Radio-Master,5
Transformation Hub AB,2
Ty4n Consulting AB,1
CGM Konsult AB,1
kippel production AB,1
Vesta Fastigheter AB,1
Relaxab Aktiebolag,1
Lindalens Städ och Tilläggstjänster AB,6
Liljegrens i Tyresö Aktiebolag,1
Bildelar Stockholm Syd AB,1
Företagsloggor i Sverige AB,1
Roca Industry AB,4
TRYGG BIL STOCKHOLM AB,1
Terranix AB,2
John K Fastigheter AB,1
Tysklinds i Stockholm Aktiebolag,4
Energikällan i Stockholm Aktiebolag,2
TPF-G46 BYGG AB,1
AB Instrument Marketing Consultant - IMCE,1
F.G. Gällstad Aktiebolag,2
JFK Elektriska i Stockholm AB,8
Contemporary Wines Sweden AB,3
"UPC United Products Company, Fredmark Aktiebolag",1
Jakokem Aktiebolag,1
Atümat Högtrycksteknik Aktiebolag,3
Sedir Food AB,8
Tyresö Tak AB,1
Hult Management Nordic AB,2
Tyresö Tak Holding AB,1
Tyresö Gummi & Motor AB,4
Sebab Betongspecialisten AB,3
Aktiebolaget Alper Plåt & Ventilation,2
Snabba Puckar AB,2
Tid Plats Färdigt Bygg i Stockholm AB,5
Tyresö Fastigheter AB,3
Flexplåt Aktiebolag,3
Grafala Visual Design AB,1
Kreativa Kök Sverige AB,1
Valignite AB,1
Kaleba Aktiebolag,1
WSE Konsult AB,1
AIMEK Byggteknik Aktiebolag,1
H H Engineering AB,2
Svensk Fastighetsvision AB,2
RoLSA FÖRVALTNING AB,1
MT & PG GRUPPSERVICE AB,3
M5 Golv AB,8
ZECA Entreprenad AB,6
Trädgårdskompaniet i Tyresö AB,2
Min Bils Verkstad i Tyresö AB,1
HL Lagerhotell Aktiebolag,1
HL Express & Transport Aktiebolag,1
JTA Metallkomponent Aktiebolag,4
Aptor AB,3
Aluscand AB,1
ROTPA AB,6
IV Frohe Sweden AB,3
Precisionsmekanik Tyresö AB,1
Hask AB,2
Tyresö Trädgårdcenter AB,2
SF Industrigolv AB,1
XL Fastigheter i Tyresö AB,4
Evert & Molin Byggkonsult AB,1
XL-Bygg Palms AB,6
AutoClinique i Solna AB,2
Autoform H & J Wass Aktiebolag,6
Allinger Golv och Måleri AB,1
Stomdesign i Stockholm AB,5
Skälsätra Bygg & Design AB,2
Silvas Bygg AB,3
DBG Consulting AB,1
CBX Bygg AB,3
U Hedenström Invest Aktiebolag,5
Empa AB,1
Lena Ramn Event- och Möteskonsult AB,1
H V L i Stockholm AB,4
Talenta AB,1
Safetek MD AB,6
Fifty shades of green AB,1
A Svanholm Fastighetsförmedling AB,1
Rylers Mek & Service AB,2
Ralf Lundborgs Måleri AB,1
Hannbergs Byggprojekt AB,2
Hå-Pe städ & allservice AB,1
Mango Omsorg AB,2
Norab Bygg & Anläggning AB,2
Benito Masias Communication System Aktiebolag,1
Engström verkstad & transport AB,1
JEMEJ Elektromekanik Aktiebolag,4
Peter Persson Måleri AB,1
MIBAB Fastigheter AB,7
Mahogny Måleri AB,1
Devone Consulting AB,1
Aktiebolaget RJH Service,2
Steam & Detail AB,1
Byggenskap Sthlm AB,1
VideoXLink Europe AB,1
VVS Konstant i Sthlm AB,3
Jens Bengtsson Nöjesbyrå AB,2
Juno Gruppen AB,4
JM Gross AB,1
k.e.j. consulting AB,1
Lavanta AB,1
Fredriks Köksmiljö AB,2
Perdoctus Aktiebolag,1
Futureline AB,1
Desyns Måleri AB,1
SKRUBBA ELTJÄNST HANDELSBOLAG,1
ServerSide AB,1
W Lundhs Måleri AB,4
Skarpaby El AB,2
PeCaBo Bageri & Handel Kommanditbolag,7
Oanyarin Thai Street Food AB,2
Wallentin IT Aktiebolag,1
Handen Bygg AB,1
Eget Hem i Tyresö Söderort Aktiebolag,2
AF Holmgrens Aktiebolag,4
WM ALL EL AB,6
Holmgrens Markiser AB,4
Willy Ohlsson Eftr Livsmedel AB,4
Wallman Lighting AB,2
P&A Climb AB,3
Kavi AB,1
Lebe Byggvaror Aktiebolag,1
Lågprisdäck i Vega AB,7
EuroRent Förvaltning AB,4
Däck i Trollbäcken AB,1
Trollbäckens Lågpris AB,3
Trollbäckens Färg & Design AB,2
Lilla Rött AB,2
Inturo AB,1
MD Finance Holding AB,1
Rexnowum Invest AB,2
Optimal Bemanning i Sverige AB,1
Gildar Active Support Aktiebolag,1
ChiRi AB,1
Svante Sahléns Bygg Aktiebolag,3
Inrex Redovisning AB,1
Mälarsyn Konsult AB,1
Peter Blomqvist Consulting AB,2
Annorlunda Förvaltning i Sverige och Stockholm AB,1
Hägglund IT's a Solution AB,1
Mårten Thelander AB,3
T Falk Bygg AB,7
Robins Bygg & Trädgård AB,7
SBK ENTREPRENÖRER AB,1
HTH Försäkringskonsult AB,1
Stall Wetact AB,1
Far to go AB,2
Ackebrink AB,1
Valonen Unlimited Aktiebolag,1
Skarpenheds El Aktiebolag,2
Mixboxen AB,1
Q Industries Lars Roth AB,3
AEC bygg och plattsättning AB,1
Bad och Bygg i Vendelsö AB,2
Asplunda Bygg AB,2
Brynolf Läkartjänster AB,1
JIPA Group AB,3
Pernox Aktiebolag,3
Saltudden Bygg & Entreprenad AB,2
Armenta AB,1
AB Din Upphandlare Sverige,2
Centus Consulting AB,1
Palm Tree Tunes AB,1
Inforca AB,1
Södertak AB,2
Coreserv AB,1
Wedge Engineering AB,2
Grupo de nada AB,1
Forza Racing AB,1
Netsolution Consulting Scandinavia AB,1
Selaro Maskin & Entreprenad Aktiebolag,1
H Carlsson Fastighetsförmedling AB,1
Magnum Traffix AB,1
Straleda AB,1
BjernelingIT AB,1
SKÄLÅKERS BÅTKLUBB,1
Stockmark utveckling AB,4
Rappsys AB,3
Pneuma Teknik Danielsson & Virta Aktiebolag,3
M.Mira AB,2
Tyresö Systemutveckling AB,4
Strukturdata i Stockholm Aktiebolag,1
Bosse Strandberg Utveckling Aktiebolag,1
Twice a Day AB,1
A. Ahlberg Plåt- & Byggkonsult AB,3
DB-EL AB,6
ATAR Vent AB,2
Entera Aktiebolag,3
PHEPH AB,1
Donghai AB,1
Bitbygg AB,1
MDM Facility Services AB,1
Kalitsa Control AB,1
C & C Båtrestauranger AB,2
Bananas AB,1
JMK Nordic AB,1
JSO Partner AB,2
PE Energi och Miljö AB,1
Fornuddens Måleri AB,2
Tobbe Blom Magic Production AB,1
Karlström & Matteoni Pizza & Deli Handelsbolag,4
jTeam AB,1
Johan Larsson Bygg Trollbäcken AB,2
ELIKIA NA BISO,2
Tecy AB,1
Sun Days AB,1
Wollin & Partners AB,1
Ahlbergs Entreprenad AB,1
Källtorps i Stockholm AB,2
Revisoul AB,1
van Deurs konsult AB,1
Octuator AB,1
Tekniklogik Sverige AB,1
Speldosan Aktiebolag,2
AK Elteknik AB,1
Saponi Aktiebolag,2
Villa Entreprenader i Sthlm AB,1
Torg- och Marknadshandlarnas Ekonomiska Riksförening,1
Max5 Marin AB,1
Pizzeria La Fleur AB,1
Guld Phoenix TD AB,2
JL Lastmaskiner AB,2
Forsströms Byggprojekt AB,2
Poseidon Restaurang AB,1
PRIMA STÄD BYGG AB,7
Kilanders EL AB,2
Backyard Supremacy AB,2
Reflexit Aktiebolag,2
KJ Teknik Aktiebolag,3
Northlake Aktiebolag,5
Elektro J. Shields AB,1
Optolaget AB,8
Gudö Byggservice AB,2
Krönet Konsult AB,1
Lewel Accounting AB,1
MåleriProjekt Stockholm AB,1
LINDE SAMFÄLLIGHETSFÖRENING,1
Aktiebolaget Lennart Johansson Inredningar,1
Hisec AB,4
Linn Westlund TV AB,1
PC Lan Sverige AB,1
KULTURELLA FOLKDANSGILLET,1
Rosenlöfs Consulting AB,4
Saba Elservice Aktiebolag,5
Hillen Entreprenad AB,1
JBG Ekodata AB,2
Redovisningskonsult Lars Karlsson Aktiebolag,1
Östberg Förvaltnings AB,1
JIM JIM Music AB,1
Tyresö Bygg och Inredning AB,1
Ntre El AB,2
KROMEX AB,1
Spelmans Consulting AB,1
Frölings Bil AB,1
Belöna i Tyresö Management AB,1
Håkansson Maskin och Konsulting AB,3
Ove Janssons Plåtslageri AB,1
Per Pålssons rör AB,2
Drago-Verken Handelsbolag,3
LZN Arkitektur & Design AB,1
Hedmans Kassaskåpsservice AB,4
Nucbit AB,1
Firma Alexander Tilly AB,2
Per Isakzon Byggnads Aktiebolag,2
Monteringsbolaget Sverige AB,1
Zebson AB,1
Pernilla Bennet Fastigheter AB,1
Henrik Mattsson Design & Interactive AB,1
Elles Fastighets Aktiebolag,1
Andreas Gustavsson Premium Consulting AB,2
AKR Entreprenad AB,1
Teak Bygg Holding AB,7
Aluminiumgruppen i Stockholm AB,8
SÖ El & STYR AB,1
S.U.C Byggentreprenad AB,7
ByggPro Tyresö AB,6
Medix Fastigheter AB,3
Geo:S1 AB,1
Stockholm kök och lackering AB,3
Tyresö Bilteknik AB,2
TRUCKREPARATÖRENS FÖRSÄLJNINGS Aktiebolag,1
Urban Aero AB,2
Normal People AB,1
MBO Consulting AB,1
De Flavion International Aktiebolag,2
Nordrom AB,1
Kenneth von Walden Consulting AB,2
H A Ljudproduktion Aktiebolag,2
Snarberg Production AB,1
Elcentralen C&E AB,1
Embedded Nation AB,2
Rinnan Enterprises AB,1
P&P Projektutveckling AB,1
F. Dellström Revision AB,1
Förvaltningskoordination AB,1
Polbring bygg AB,2
Maskinfabriken G.C. Aktiebolag,2
Skälsätra Invest Aktiebolag,1
Vilheim Fastigheter AB,3
Kontrollansvarig Stefan Eriksson AB,1
Ekonomihjälpen Central Sverige AB,1
Trivselträdgårdar Joakim Nyberg AB,1
GL Reliningsteknik AB,3
Euforia AB,1
Mutari Consulting AB,1
J Wall AB,1
Svenska AV Installatörerna AB,2
Gripen Projekt AB,1
Sahlström Holding Lidingö AB,1
ADLUX EL AB,1
DABADOC Aktiebolag,1
Marin & Hamnservice K A Aktiebolag,8
CEN Consulting Aktiebolag,1
M Borg Datakonsult Aktiebolag,2
TYRESÖ LOKALAVD AV FRILUFTSFRÄMJANDET,1
A.R.I Flytt och entreprenad AB,1
Tyresö Handelsträdgård Aktiebolag,2
Rum för hälsa i Tyresö Kommanditbolag,1
Uddby Gård Förvaltning AB,5
Kransens Tak & Plåt AB,3
Enberg mat & catering AB,1
Camilla B Friskvård AB,1
Emdura AB,2
SK Tyresö C AB,1
SK Tyresö strand AB,2
Rätt Val redovisning AB,1
Perlands Elektriska i Tyresö Aktiebolag,2
Tralla Betongkonsult i Tyresö AB,1
ARLEIJ BYGG AB,6
B&F BYGG AB,2
Tyresö Strands Golv & Bygg AB,1
samcro AB,1
Namar AB,1
Bryku AB,1
J.O Trygg Service AB,5
Richard Bendix Air Charter AB,1
Vård & It Konsult Stockholm Kommanditbolag,1
Banek Consulting AB,2
Creating Homes STHLM AB,2
Montana Group AB,7
Njupkärrs Rör Aktiebolag,3
PWx Konsult AB,1
Kallas Invest AB,1
Styled by Dahl AB,4
ask4impact AB,1
TBI Group AB,1
Sven-Erik Rosvall Allt i Branschen Aktiebolag,1
Planido AB,1
Dekorationsbolaget Tyresö AB,1
Louise Winblad AB,1
TYRESÖ STRANDS BÅTKLUBB,1
Hallskär AB,1
HALMA Consulting AB,2
CAMJ AB,1
HeZe AB,3
LyckWik Sverige AB,1
Lyåsen Drilling Technology AB,1
Exelite Aktiebolag,1
BRIFAB AB,1
Dykhjälpen Sverige AB,1
LENNSE Marine Consulting AB,7
DiPiX Film och TV AB,1
FAYSIT - Finance At Your Service In Tyresö AB,2
Karlséns Projektledning AB,1
Vandra Consulting Group AB,1
Future i Tyresö AB,3
Tyresö Asfalt AB,2
Nyckelby Fastigheter AB,4
Joinville AB,1
Frykholm Bygg AB,3
STAM Marine AB,1
STAM Consulting AB,1
Det Fixar vi entreprenad och fastigheter i Stockholm Aktiebolag,2
INSIT AB,1
Boxhouse AB,2
No Fear Invest Aktiebolag,3
Ellen Exakt AB,1
OS Radhus AB,6
COMBIT Aktiebolag,1
Norstedts Elkonsult AB,1
Profil hus i Tyresö Aktiebolag,6
Sprecks Förvaltning kommanditbolag,1
Gehrke Förvaltning AB,1
Lundevall Konsult AB,2
S1 Plåt & Bygg AB,1
Otto Nettelbladt Lungmedicin AB,1
Zidyllen AB,2
V12 Group AB,2
Garpenlöv Consulting AB,1
Spurt Industrikonsult AB,2
Five Ways AB,1
Anders Rauge AB,1
KULLHAMMAR REDOVISNING Aktiebolag,1
Lw byggteknik AB,1
Hissakuten i Stockholm AB,1
Kontrust AB,2
Secex i Sverige AB,1
Stockholm Schakt & Entreprenad AB,1
TN Grävtjänst AB,2
Pointyard AB,1
Pointyard Consulting AB,1
Bil & Schakt Stockholm AB,1
SEC Rörteknik AB,1
Södersidan Mekaniska AB,3
JUR. KAND. PETER BERGQVIST AB,2
Mesnil Media AB,1
63 El & Styrteknik AB,5
El & Styrteknik i Tyresö AB,3
OR VVS Teknik AB,1
G. Wahlén Bygg AB,3
Stridbar El och Fastighetsservice AB,1
Malmefeldt Maskin Service AB,2
Anculusbygg AB,4
ALMIMA Betongpump AB,1
BBS Bomans Bygg Service Aktiebolag,2
Arlette AB,5
TopTurn Management AB,2
PL Nord Syd Konsult AB,1
Weski Enterprice AB,4
Alden Entreprenad AB,2
Cleanandnomic AB,1
Bordertrans i Tyresö AB,4
Dálnord Åkeri AB,3
Tyresö Gräv- & Schaktentreprenad Aktiebolag,9
L T Consulting AB,1
Grävgruppen i Stockholm Aktiebolag,3
Tauari AB,6
P. Wilczok Livsmedels Aktiebolag,1
P Wilczok Fastighets Aktiebolag,2
DWP Stockholm AB,4
Österäng Invest AB,1
RL EL & Design AB,4
Elit Konsult Stockholm AB,1
Byggnadsaktiebolaget KPM,1
Olle Grävling AB,1
Foedus AB,1
Tyr GN Holding AB,2
JKCM AB,1
Happy Paragraphs Legal Services AB,1
Aarup & Hansson AB,2
Coldator AB,1
Lost Art Architecture AB,2
Anders Blomster Åkeri AB,5
Bröderna Berggren Bygg AB,2
COMCAD ELECTRONIC HANDELSBOLAG,1
Andreas Hellevik Bygg & Hantverk Aktiebolag,1
Båtspecialisten Sverige AB,4
COFAZ AB,2
Stylish Stockholm AB,1
Land Ark Handelsbolag,2
STIFTELSEN PÅ RÄTT VÄG,2
Bispgård Tak och Fasadkonsult AB,1
L & L Mark & Fastigheter AB,3
Elgens golvvård AB,3
Lind Finance Consulting AB,3
Hela Fastigheten AB,2
Explico AB,2
LK Safe Education AB,1
Peter Viksten AB,1
NLC Niklas Lagerstedt Consulting AB,2
Carsell Transport AB,1
Niketuff AB,5
BPS Markentreprenad AB,2
BPS Borr och pumpservice Holding AB,1
BPS Borr och Pump Service Aktiebolag,2
CRC Construction Recycling Fastigheter Aktiebolag,8
K Ståhl Projekt AB,1
Hulting Entreprenad AB,1
Stockholms Högtrycksteknik AB,5
Lie Byggbolag i Stockholm AB,1
Latrop AB,1
MDV Consulting AB,1
Livingood International AB,1
Nordström & Svensson AB,1
MD håltagning AB,2
Entreprenadkonsult FREDRIKSSON AB,1
Best Condition Sweden AB,1
Tenit AB,3
HenCon AB,4
Lulo montage & flytt AB,1
Anders Gahns ByggnadsAktiebolag,4
Stockholms konstsalong AB,1
IconX Sweden AB,1
Luntyr AB,2
MAGICA MM Handelsbolag,2
Riktning Rilde AB,1
3xL Bygg AB,2
FGO Måleri & Entreprenad AB,3
Kriff AB,1
Nordic Entreprenad DE i Tyresö AB,6
Margad AB,1
Fakta El Installation AB,5
Brändström Bygg & Schakt AB,2
S.Bergström Måleri AB,3
Tankservice i Stockholm AB,2
Peter Nilsson Kommunikation och Förändring AB,1
INVA i Stockholm Aktiebolag,2
Fjärdens bygg o underhåll AB,4
Lagerstedt Kennerberg Entreprenad AB,8
NHP Nordisk Husproduktion AB,1
Hörnsteins Entreprenad AB,8
Great Roster Media AB,2
Tenggren Project AB,2
Romdrex Bygg AB,6
Straxbild AB,1
Geranio System AB,1
Geranio Entreprenad AB,1
Dyviks Mark & Trädgård AB,7
